filename,gs_base_rs,gs_base_ars,gs_base_ss,gs_multi_rs,gs_multi_ars,gs_multi_ss,gs_burnin_rs,gs_burnin_ars,gs_burnin_ss
data-k-3-0.csv,0.485955956,-0.000536695,-0.255482776,0.547105105,0.017979542,0.245627238,0.536328328,0.003276145,-0.020429881
data-k-3-1.csv,0.620988989,0.230360225,0.023707915,0.683603604,0.317100943,0.473935854,0.648256256,0.271257929,0.085943623
data-k-3-2.csv,0.797537538,0.534419388,0.491606744,0.765169169,0.508474022,0.488942324,0.803903904,0.549905634,0.500305961
data-k-3-3.csv,0.729241241,0.33538679,-0.061440328,0.686634635,0.367634499,0.295016845,0.67615015,0.236650179,0.249175965
data-k-3-4.csv,0.609771772,0.238811718,0.384276386,0.588666667,0.191067305,0.519121562,0.614502503,0.252041573,0.619329464
data-k-3-5.csv,0.509597598,0.015020633,-0.155831009,0.540680681,0.085927599,0.314809183,0.5123003,0.0289845,0.023095989
data-k-3-6.csv,0.735107107,0.470242764,-0.00427195,0.67624024,0.353688326,0.417545315,0.749229229,0.498592682,0.011027533
data-k-3-7.csv,0.745925926,0.478020289,0.149357627,0.754298298,0.475164031,0.47634089,0.72041041,0.401445797,0.244539499
data-k-3-8.csv,0.577115115,0.101290007,0.027252884,0.561397397,0.132704668,0.351374776,0.546298298,0.090985178,0.107488067
data-k-3-9.csv,0.629449449,0.29867069,-0.150879126,0.786804805,0.530898616,0.33762041,0.663291291,0.31163509,0.172761914
data-k-3-10.csv,0.568724725,0.138379731,-0.15498607,0.654206206,0.29054012,0.407028506,0.589633634,0.183557334,0.201696185
data-k-3-11.csv,0.444824825,0.025297278,-0.259653036,0.53386987,0.056167088,0.091272698,0.433323323,0.00621654,-0.145301065
data-k-3-12.csv,0.659967968,0.346464479,0.280682926,0.682028028,0.393550568,0.587325713,0.752848849,0.516921377,0.388941944
data-k-3-13.csv,0.508910911,0.011909113,-0.229485566,0.536572573,0.049956248,0.376593352,0.5302002,0.035152678,-0.00871267
data-k-3-14.csv,0.439175175,0.002709534,-0.430127105,0.523131131,0.011743633,0.119182994,0.501583584,0.016450906,-0.147159944
data-k-3-15.csv,0.555351351,0.124318537,0.033517521,0.581141141,0.179544162,0.48717612,0.705137137,0.350796598,0.498210504
data-k-3-16.csv,0.701735736,0.390658758,0.25923024,0.728426426,0.416706253,0.472353134,0.681141141,0.341372181,0.245637933
data-k-3-17.csv,0.706792793,0.413170914,0.358063036,0.682208208,0.365282099,0.495060038,0.67844044,0.356201933,0.364607533
data-k-3-18.csv,0.845837838,0.667805938,0.537566752,0.858002002,0.69591309,0.671190938,0.85009009,0.683154256,0.57773017
data-k-3-19.csv,0.591413413,0.192847739,-0.119252623,0.607495495,0.200600918,0.27951073,0.451349349,-0.088161517,0.131879765
data-k-3-20.csv,0.603065065,0.217277058,-0.059367138,0.666076076,0.307583096,0.509544134,0.635163163,0.270652718,0.408327159
data-k-3-21.csv,0.731163163,0.410088515,0.278589712,0.857237237,0.693546595,0.514483908,0.807787788,0.593001758,0.46753504
data-k-3-22.csv,0.814122122,0.628621029,0.510407876,0.842188188,0.684818033,0.588725204,0.785645646,0.57238595,0.520225766
data-k-3-23.csv,0.557371371,-0.00176782,-0.260549604,0.509971972,0.032582306,0.120651814,0.506246246,-0.016587427,-0.103366179
data-k-3-24.csv,0.545075075,0.070570992,-0.082801534,0.678578579,0.335910825,0.476379694,0.625329329,0.24083569,0.185146897
data-k-3-25.csv,0.501109109,0.023412985,-0.066834178,0.483755756,0.045551365,0.324703662,0.514710711,0.061593871,-0.055106889
data-k-3-26.csv,0.502990991,0.003554099,-0.47923245,0.502134134,0.004620533,0.027946243,0.491203203,-0.017709147,-0.176926117
data-k-3-27.csv,0.49754955,-0.024697893,-0.175493423,0.557431431,0.069693819,0.519846844,0.557881882,0.112217838,0.028339063
data-k-3-28.csv,0.505741742,0.045763232,0.066592639,0.526570571,0.095291638,0.352352575,0.627283283,0.20157848,0.271016688
data-k-3-29.csv,0.546524525,0.019853917,-0.435242825,0.499911912,-0.004325843,-0.120185916,0.487881882,-0.006425365,-0.113087172
data-k-3-30.csv,0.832790791,0.650729358,0.533921119,0.847333333,0.669653765,0.622970134,0.825075075,0.639989019,0.535525038
data-k-3-31.csv,0.673187187,0.276467258,0.299389792,0.743881882,0.436950462,0.513339607,0.688756757,0.307326624,0.328953074
data-k-3-32.csv,0.632790791,0.263408016,0.274067077,0.718700701,0.436711895,0.55517181,0.663167167,0.324970407,0.332237517
data-k-3-33.csv,0.538550551,0.055452492,0.071193474,0.604068068,0.19491887,0.509374809,0.569409409,0.085700913,0.11854221
data-k-3-34.csv,0.602298298,0.109321337,0.036294226,0.649487487,0.231703007,0.30646703,0.608904905,0.126878305,0.071821402
data-k-3-35.csv,0.836958959,0.6724796,0.32919164,0.850784785,0.699468503,0.487940457,0.83363964,0.665861434,0.370905457
data-k-3-36.csv,0.588516517,0.176833317,0.260740793,0.614246246,0.226529641,0.450733811,0.56374975,0.128029755,0.172773241
data-k-3-37.csv,0.838454454,0.644624341,0.539886483,0.870378378,0.716465205,0.601747478,0.824012012,0.611406106,0.513119633
data-k-3-38.csv,0.52621021,-0.003813812,-0.190558408,0.45380981,0.003202447,0.071873308,0.701351351,0.006466174,-0.25987764
data-k-3-39.csv,1,1,0.880024688,1,1,0.880024688,1,1,0.880024688
data-k-3-40.csv,0.497209209,0.018082983,0.316895244,0.607361361,0.201057425,0.442185007,0.463205205,-0.0258996,0.290347402
data-k-3-41.csv,0.510246246,0.040105855,0.092169597,0.558202202,0.116745974,0.416474017,0.528836837,0.070122098,0.099578113
data-k-3-42.csv,0.505369369,0.006169248,-0.266688229,0.570698699,0.11869509,0.234805673,0.579663664,0.157263444,0.304162955
data-k-3-43.csv,0.520750751,0.046250218,-0.155157092,0.617741742,0.218022192,0.405319984,0.583425425,0.175887796,0.105943364
data-k-3-44.csv,0.572142142,0.149611296,-0.081460104,0.656362362,0.294599739,0.495690119,0.610852853,0.207552143,0.082061056
data-k-3-45.csv,0.477125125,0.047488758,-0.273311477,0.56205005,0.061563276,0.452259861,0.55185986,0.036492376,0.170975499
data-k-3-46.csv,0.706138138,0.41498471,0.190660715,0.708708709,0.410911582,0.500289565,0.678138138,0.360757836,0.265663847
data-k-3-47.csv,0.690046046,0.328597558,0.298772848,0.824724725,0.617390826,0.551624194,0.741445445,0.435289963,0.423308963
data-k-3-48.csv,0.475255255,0.000411798,-0.18914249,0.547975976,0.007227374,0.187109013,0.437001001,0.001623714,-0.133438894
data-k-3-49.csv,0.699441441,0.358672965,0.250913782,0.753025025,0.478404979,0.413672505,0.696896897,0.350188899,0.245505699
data-k-3-50.csv,0.637009009,0.252759256,0.123573125,0.689129129,0.356801078,0.434198072,0.68566967,0.352455521,0.206248126
data-k-3-51.csv,0.495191191,0.044679258,-0.321742335,0.533773774,0.030886014,0.322834035,0.518434434,0.058867211,-0.190816691
data-k-3-52.csv,0.536550551,0.10077269,0.142170729,0.561055055,0.120778775,0.498389487,0.558386386,0.105889658,0.1757295
data-k-3-53.csv,0.545465465,0.044017963,-0.432565344,0.527871872,0.045247776,-0.106114048,0.54845045,0.044267057,-0.107753598
data-k-3-54.csv,0.85221021,0.701361688,0.551598975,0.889313313,0.776722027,0.631963803,0.882662663,0.760408214,0.610009161
data-k-3-55.csv,0.616784785,0.267245675,0.111547698,0.730466466,0.481456415,0.492570259,0.826570571,0.644884296,0.347952782
data-k-3-56.csv,0.557033033,0.101479121,-0.115179779,0.545645646,0.021005053,0.157120586,0.548312312,0.075746285,-0.058824525
data-k-3-57.csv,0.7201001,0.440380187,0.175117992,0.802840841,0.605638226,0.452377299,0.748696697,0.498490984,0.418041527
data-k-3-58.csv,0.480228228,-0.014206024,-0.078025323,0.419451451,-0.01506979,0.474250991,0.554982983,-0.081072944,0.117862971
data-k-3-59.csv,0.54825025,0.029992476,-0.151500251,0.577773774,0.10333976,0.208970691,0.551129129,0.036543494,-0.107555933
data-k-3-60.csv,0.578708709,0.11853897,0.05771514,0.667369369,0.266448493,0.494310472,0.529551552,0.113316956,0.111547803
data-k-3-61.csv,0.647983984,0.342438512,-0.128036645,0.660392392,0.283011314,0.517690671,0.629827828,0.314682606,0.396627756
data-k-3-62.csv,0.737171171,0.474001554,0.126173743,0.752206206,0.494305738,0.457073415,0.715865866,0.415964864,0.309613652
data-k-3-63.csv,0.544108108,0.087587843,0.155526798,0.604834835,0.151891327,0.405661861,0.561973974,0.120469675,0.263439256
data-k-3-64.csv,0.491211211,-0.003283461,-0.136232098,0.51242042,0.016960074,0.262207336,0.500448448,0.018761895,-0.159580718
data-k-3-65.csv,0.753823824,0.500079635,0.472337229,0.780816817,0.52948942,0.555031695,0.756062062,0.51098226,0.480270998
data-k-3-66.csv,0.542408408,0.084183449,-0.152015211,0.534504505,0.065697112,0.318861204,0.479203203,-0.043411201,0.293231818
data-k-3-67.csv,0.762808809,0.513715018,0.277687608,0.818686687,0.619671074,0.517600933,0.765797798,0.504935266,0.343774156
data-k-3-68.csv,0.805237237,0.596646981,0.524239835,0.877385385,0.742168205,0.649819922,0.839295295,0.660886415,0.606774803
data-k-3-69.csv,0.532234234,0.044284117,-0.183080482,0.535863864,0.084467378,0.122040305,0.586338338,0.122879404,-0.204543044
data-k-3-70.csv,0.942564565,0.882970679,0.749304203,0.954034034,0.906244042,0.774809689,0.947147147,0.89232438,0.763291152
data-k-3-71.csv,0.660734735,0.317968599,0.370856204,0.743575576,0.479705564,0.495646567,0.684612613,0.366674711,0.384145607
data-k-3-72.csv,0.381091091,-0.003856201,-0.440094963,0.541135135,0.017358096,0.220206732,0.54774975,0.007077807,0.036425335
data-k-3-73.csv,0.453737738,0.060390672,-0.151978055,0.583985986,0.076287667,0.346895286,0.545309309,0.040949008,0.067275476
data-k-3-74.csv,0.752512513,0.49556003,0.207183696,0.778498498,0.526251255,0.498589668,0.774122122,0.532510807,0.270849172
data-k-3-75.csv,0.621301301,0.31968999,0.821202771,0.618524525,0.311754653,0.785877784,0.623249249,0.324144389,0.873642755
data-k-3-76.csv,0.662922923,0.291857519,0.358067958,0.751115115,0.471274884,0.526467427,0.721707708,0.403178595,0.417030834
data-k-3-77.csv,0.556872873,0.108633456,0.240772718,0.593265265,0.181357806,0.54263761,0.564116116,0.115211243,0.260525102
data-k-3-78.csv,0.529953954,0.055437663,-0.275145625,0.601927928,0.143400361,0.457105477,0.550600601,0.050348514,-0.006033171
data-k-3-79.csv,0.520196196,0.045721091,-0.22446845,0.510700701,0.052123668,0.150273452,0.488138138,-0.000506084,-0.006172943
data-k-3-80.csv,0.641223223,0.283448251,0.273557119,0.761943944,0.514176923,0.567594726,0.69165966,0.372680067,0.43421283
data-k-3-81.csv,0.430486486,0.010617103,-0.151534189,0.671231231,0.285063689,0.495362317,0.492026026,-0.017016487,0.036922619
data-k-3-82.csv,0.836718719,0.668647264,0.513349352,0.861817818,0.719735622,0.617835467,0.869109109,0.736246856,0.547108342
data-k-3-83.csv,0.953801802,0.907593752,0.740637327,0.958628629,0.91724491,0.753825845,0.964324324,0.928658091,0.781477448
data-k-3-84.csv,0.788064064,0.57546597,0.226386627,0.818846847,0.639654568,0.424153702,0.816332332,0.63325041,0.305370394
data-k-3-85.csv,0.786106106,0.565418991,0.518590015,0.837633634,0.667170738,0.597683555,0.778296296,0.549926307,0.517847934
data-k-3-86.csv,0.49197998,-0.022394375,-0.268369491,0.469295295,-0.020006393,0.395141541,0.486316316,0.010466632,0.006182756
data-k-3-87.csv,0.78768969,0.533833265,0.341271366,0.828348348,0.622785663,0.516614785,0.793725726,0.546810171,0.384960222
data-k-3-88.csv,0.649643644,0.241463907,0.083307726,0.680248248,0.31128661,0.353607698,0.637255255,0.262707839,0.138242501
data-k-3-89.csv,0.603353353,0.205473469,0.192407412,0.662864865,0.32467346,0.462449247,0.62966967,0.259245532,0.305688316
data-k-3-90.csv,0.87837037,0.740183898,0.623748577,0.887147147,0.763750238,0.625416225,0.896884885,0.777462351,0.656503999
data-k-3-91.csv,0.599463463,0.226374632,0.159802784,0.746738739,0.504263811,0.438578702,0.731355355,0.458652147,0.208911703
data-k-3-92.csv,0.505137137,0.029221745,0.230587528,0.535977978,0.094817681,0.417633165,0.510344344,0.032445117,0.324979107
data-k-3-93.csv,0.585305305,0.221852517,0.247596117,0.609113113,0.260358844,0.542919984,0.580920921,0.216422438,0.517498224
data-k-3-94.csv,0.956224224,0.91105343,0.762825839,0.968368368,0.93585562,0.807592236,0.964176176,0.927287817,0.777513396
data-k-3-95.csv,0.755733734,0.486121983,0.156013672,0.744084084,0.453718506,0.542075266,0.784716717,0.574904592,0.600337886
data-k-3-96.csv,0.467035035,0.031257986,-0.2129448,0.557755756,0.057303673,0.36606891,0.520448448,0.003182963,-0.016785096
data-k-3-97.csv,0.478092092,0.008694246,-0.103706733,0.625987988,0.238572397,0.434223961,0.501243243,0.037137877,0.020120815
data-k-3-98.csv,0.509149149,0.013982149,-0.293144028,0.535501502,0.052881944,0.115569086,0.514278278,0.018618371,-0.020163419
data-k-3-99.csv,0.506328328,0.020040503,-0.276122142,0.491351351,0.037876232,0.502416127,0.526866867,0.052693337,-0.002807543
data-k-3-100.csv,0.786504505,0.520328204,0.379430798,0.850444444,0.667791671,0.540447308,0.806256256,0.565531059,0.444591707
data-k-3-101.csv,0.51792993,0.047006502,-0.19722514,0.572800801,0.077194967,0.364296372,0.536302302,0.038005218,0.005560637
data-k-3-102.csv,0.803479479,0.605600896,0.477977123,0.887397397,0.772612883,0.64320747,0.859383383,0.715197238,0.596064566
data-k-3-103.csv,0.738630631,0.475664846,0.414838375,0.824448448,0.647826958,0.556467791,0.748452452,0.495040824,0.422111409
data-k-3-104.csv,0.543149149,0.095844058,-0.189386753,0.571175175,0.121802633,0.43391924,0.528198198,0.053809939,-0.096185792
data-k-3-105.csv,0.449537538,-0.000526965,-0.245778468,0.530108108,0.012116863,0.35094474,0.523527528,0.001831386,-0.013520882
data-k-3-106.csv,0.665169169,0.261734472,0.173922701,0.74418018,0.433958579,0.461636056,0.6504004,0.28633862,0.289195763
data-k-3-107.csv,0.775345345,0.523038599,0.417549252,0.824898899,0.631658625,0.554353454,0.753309309,0.47582211,0.383109588
data-k-3-108.csv,0.877047047,0.753025613,0.377947397,0.849225225,0.696545087,0.556244509,0.874800801,0.748942594,0.389982697
data-k-3-109.csv,0.591207207,0.161851999,-0.044195018,0.560544545,0.163226915,0.492187353,0.536868869,0.110568837,0.058831511
data-k-3-110.csv,0.490656657,-0.023240046,-0.12754096,0.494652653,0.010815386,0.323087247,0.489355355,-0.011702569,-0.014500315
data-k-3-111.csv,0.929925926,0.61678196,0.695733931,0.930654655,0.647429784,0.634363562,0.93443043,0.645847429,0.728207608
data-k-3-112.csv,0.85782983,0.38275179,-0.121972875,0.582392392,0.177861811,0.282034116,0.675021021,0.172053928,-0.078307687
data-k-3-113.csv,0.49976977,0.051881953,0.018980608,0.574762763,0.084241563,0.158008387,0.549755756,0.059760514,0.137031861
data-k-3-114.csv,0.568968969,0.162071395,-0.095834471,0.615063063,0.253243011,0.150737793,0.688198198,0.360236452,-0.065068768
data-k-3-115.csv,0.641167167,0.279905283,0.287601982,0.726762763,0.451901398,0.476601661,0.67037037,0.341406462,0.432157288
data-k-3-116.csv,0.837893894,0.579715116,0.460367044,0.852336336,0.628933087,0.579985401,0.880768769,0.671139016,0.59444191
data-k-3-117.csv,0.96791992,0.918645777,0.794638482,0.972642643,0.930940017,0.804310948,0.96602002,0.913223072,0.821882573
data-k-3-119.csv,0.922006006,0.843995908,0.452758946,0.890838839,0.781704317,0.690730144,0.913185185,0.826366242,0.490508837
data-k-3-120.csv,0.830526527,0.647504201,0.476131345,0.849593594,0.686517742,0.571899645,0.85567968,0.701648056,0.533002499
data-k-3-121.csv,0.644924925,0.138617278,-0.171495592,0.508694695,0.104946227,0.498246774,0.627099099,0.126727397,0.113118536
data-k-3-122.csv,0.750872873,0.50267569,0.465532104,0.82639039,0.65043258,0.624902114,0.771193193,0.539932484,0.511699018
data-k-3-123.csv,0.741123123,0.467508815,0.063100471,0.680518519,0.38245483,0.326628185,0.803005005,0.582441567,0.288906103
data-k-3-124.csv,0.563287287,0.137885351,0.106807537,0.618738739,0.241478625,0.28065488,0.556114114,0.152336567,0.318851244
data-k-3-125.csv,0.853881882,0.705367543,0.43547715,0.870134134,0.732630399,0.59351718,0.842818819,0.680843644,0.375261881
data-k-3-126.csv,0.585783784,0.173145808,-0.018681649,0.648088088,0.297750108,0.10157109,0.592272272,0.18614891,-0.038802713
data-k-3-127.csv,0.599953954,0.209780263,-0.064555056,0.675163163,0.328286904,0.460198665,0.616396396,0.201836376,0.222139226
data-k-3-128.csv,0.505109109,-0.019539486,-0.2770478,0.470756757,0.033289025,0.526641274,0.554342342,-0.023915258,-0.253470019
data-k-3-129.csv,0.452796797,-0.000695261,-0.459754078,0.528756757,0.040504067,0.006175908,0.515211211,0.01148746,-0.256800479
data-k-3-130.csv,0.550720721,0.096644923,0.112528905,0.65170971,0.302951501,0.512388091,0.599111111,0.208013322,0.338536426
data-k-3-131.csv,0.488660661,0.047771474,-0.246098084,0.565487487,0.108893684,0.339902579,0.508326326,0.062216458,-0.139330344
data-k-3-132.csv,0.49611011,-0.011103023,-0.209781673,0.553343343,0.084766006,0.218225628,0.520732733,0.014972997,0.018023221
data-k-3-133.csv,0.528498498,0.068561073,-0.219063828,0.580302302,0.135897243,0.127939365,0.536646647,0.046044512,-0.082213429
data-k-3-134.csv,0.826066066,0.643763805,0.50129447,0.853125125,0.699705321,0.700503558,0.852174174,0.704184789,0.615670065
data-k-3-135.csv,0.74150951,0.418380554,0.580131809,0.751231231,0.471865172,0.561605106,0.745957958,0.427625806,0.603232386
data-k-3-136.csv,0.526710711,0.048072618,-0.201851028,0.486642643,0.037132665,0.02928898,0.472960961,0.009021594,-0.103344713
data-k-3-137.csv,0.668468468,0.336833815,0.037639541,0.695937938,0.387169496,0.46724854,0.634198198,0.271936769,0.322422022
data-k-3-138.csv,0.485437437,-0.016521568,-0.347638682,0.515481481,0.012864261,0.238823406,0.504494494,-0.014308922,-0.035305865
data-k-3-139.csv,0.465373373,-0.026357497,-0.133724333,0.506734735,0.090918833,0.392207318,0.674948949,0.015382924,0.189446206
data-k-3-140.csv,0.69609009,0.390634998,0.179150539,0.764788789,0.516213169,0.402172207,0.701227227,0.389703249,0.253391712
data-k-3-141.csv,0.977833834,0.952152044,0.801428196,0.954852853,0.904101864,0.749258945,0.982204204,0.96142474,0.831866593
data-k-3-142.csv,0.646990991,0.296250703,-0.121153614,0.656444444,0.306897731,0.387523209,0.616142142,0.228055359,0.104569582
data-k-3-143.csv,0.667907908,0.332027026,0.420344931,0.706960961,0.410648341,0.538393461,0.651241241,0.294665678,0.421861222
data-k-3-144.csv,0.636168168,0.250850133,0.301304614,0.703567568,0.39357384,0.510614435,0.62391992,0.238251176,0.348621239
data-k-3-145.csv,0.532956957,0.076261646,-0.057327057,0.583407407,0.094009114,0.354645772,0.57632032,0.090078696,0.102895062
data-k-3-146.csv,0.835455455,0.668986248,0.291465595,0.827065065,0.644667843,0.546061718,0.851907908,0.697799782,0.45115891
data-k-3-147.csv,0.533383383,0.057824671,-0.195319438,0.648844845,0.243066896,0.474322918,0.581057057,0.15290917,0.263670881
data-k-3-148.csv,0.604384384,0.182113674,0.276332,0.6444004,0.274172801,0.535450987,0.592644645,0.149859417,0.209265407
data-k-3-149.csv,0.96006006,0.897346463,0.635671265,0.984576577,0.961346144,0.658612235,0.973177177,0.931650137,0.646326629
data-k-3-150.csv,0.526476476,0.029108044,-0.016347752,0.567925926,0.118845747,0.521983303,0.553427427,0.084188075,0.156660869
data-k-3-151.csv,0.81833033,0.635882789,0.160950473,0.805041041,0.607288756,0.399806467,0.822958959,0.644643198,0.179163651
data-k-3-152.csv,0.703079079,0.398830529,0.366339878,0.799833834,0.593444168,0.531939885,0.704034034,0.399144957,0.380339798
data-k-3-153.csv,0.539127127,0.024929281,-0.042503783,0.611273273,0.189141676,0.308626372,0.552552553,0.051620251,0.038992932
data-k-3-154.csv,0.542206206,0.051826698,-0.2126952,0.50231031,0.049644778,0.500340254,0.611953954,0.094417679,0.261425593
data-k-3-155.csv,0.574314314,0.145097766,-0.033075598,0.594950951,0.211986624,0.484239402,0.652088088,0.284281426,0.147962126
data-k-3-156.csv,0.527507508,0.141461532,0.255701725,0.503059059,0.121935575,0.518887378,0.521005005,0.137273377,0.362911226
data-k-3-157.csv,0.615263263,0.247884829,0.091972514,0.672794795,0.290713098,0.464439508,0.631211211,0.21859063,0.269875464
data-k-3-158.csv,0.674792793,0.328659783,-0.13300378,0.589951952,0.230099809,0.247186004,0.645771772,0.310040522,-0.038321309
data-k-3-159.csv,0.708272272,0.416423968,0.023330349,0.759917918,0.519677336,0.336524783,0.650950951,0.301572395,0.187230204
data-k-3-160.csv,0.606306306,0.207156585,-0.024806282,0.677173173,0.286453505,0.413836431,0.618984985,0.224267044,0.237088571
data-k-3-161.csv,0.541263263,0.095553464,0.101988664,0.505877878,0.037254026,0.329818718,0.544564565,0.080201488,-0.24890954
data-k-3-162.csv,0.51167968,0.014676275,0.07623785,0.524014014,0.03293985,0.486363691,0.46211011,0.031320365,0.236977786
data-k-3-163.csv,0.536830831,0.054444093,-0.111954437,0.480988989,0.067447611,0.521980483,0.62217017,0.157075808,0.31581925
data-k-3-164.csv,0.75173974,0.485869659,0.42340509,0.798778779,0.582841396,0.578696403,0.752664665,0.486603252,0.515739436
data-k-3-165.csv,0.695715716,0.333635128,0.163619586,0.768756757,0.493729542,0.483774955,0.715233233,0.370119304,0.274815517
data-k-3-166.csv,0.699089089,0.390759388,0.146083747,0.785289289,0.543994916,0.572287112,0.72990991,0.420368125,0.333999348
data-k-3-167.csv,0.572856857,0.094481339,0.122271292,0.565119119,0.035031082,0.184707586,0.448526527,0.055532263,0.304219883
data-k-3-168.csv,0.573265265,0.151206711,0.031136281,0.636392392,0.212560491,0.504156001,0.543707708,0.157804526,0.464693176
data-k-3-169.csv,0.61158959,0.203074845,0.041345356,0.640944945,0.237343554,0.47969917,0.598156156,0.164313256,0.059497708
data-k-3-170.csv,0.487937938,0.010511933,-0.413146552,0.502792793,0.003164258,-0.064739861,0.480376376,-0.001575047,-0.349981635
data-k-3-171.csv,0.662802803,0.323755901,0.050026558,0.743807808,0.48404799,0.274751757,0.674142142,0.345865622,0.06303328
data-k-3-172.csv,0.578378378,0.200017034,-0.147604003,0.654342342,0.258617382,0.29111023,0.604036036,0.145668446,0.015354363
data-k-3-173.csv,0.644388388,0.288767395,-0.035437634,0.666604605,0.331998059,0.393392326,0.705397397,0.411256094,0.262201053
data-k-3-174.csv,0.665323323,0.330267053,0.25619539,0.757855856,0.515057693,0.56737775,0.684506507,0.369188913,0.293409184
data-k-3-175.csv,0.677001001,0.29324478,0.200902752,0.813461461,0.604356427,0.526129141,0.700528529,0.351515497,0.216916151
data-k-3-176.csv,0.502910911,0.006823505,-0.090895277,0.521641642,0.028014702,0.433983072,0.471331331,0.007916088,0.214683574
data-k-3-177.csv,0.637277277,0.279786335,0.128361751,0.620136136,0.256154294,0.465791991,0.469761762,-0.062934557,0.231444514
data-k-3-178.csv,0.590662663,0.078049302,0.105314479,0.47817017,0.029389501,0.503360845,0.615415415,0.094931322,0.200808159
data-k-3-179.csv,0.70767968,0.408576804,-0.07857869,0.798472472,0.591921007,0.207361829,0.73785986,0.471472666,0.334868174
data-k-3-180.csv,0.553199199,0.020170857,0.075837791,0.564736737,0.079923425,0.481310479,0.494226226,0.039324963,0.090798955
data-k-3-181.csv,0.576592593,0.152804172,-0.073433798,0.642790791,0.256738009,0.476924397,0.616732733,0.228183448,-0.004499122
data-k-3-182.csv,0.639377377,0.141405475,-0.134623043,0.576690691,0.179183184,0.14770164,0.578644645,0.117665827,-0.019218809
data-k-3-183.csv,0.761167167,0.479491401,0.230571163,0.783581582,0.522177982,0.480363195,0.753467467,0.454712836,0.330351326
data-k-3-184.csv,0.494694695,-0.001488621,-0.21027122,0.500572573,-0.002752189,0.372246247,0.492968969,-0.004896817,0.240522163
data-k-3-185.csv,0.519737738,0.00629301,-0.174411254,0.479339339,0.031607363,0.462259635,0.568064064,0.018043627,0.016838712
data-k-3-186.csv,0.519643644,0.038593801,0.051316924,0.568212212,0.088824474,0.412355665,0.483427427,0.043470812,0.161486158
data-k-3-187.csv,0.517657658,0.038908481,-0.203451143,0.594958959,0.138776115,0.470521729,0.476618619,0.061424021,0.360614791
data-k-3-188.csv,0.4924004,0.069467559,0.095770046,0.565209209,0.118467789,0.503690374,0.462670671,0.063881784,0.383892226
data-k-3-189.csv,0.970492492,0.907580893,0.243553123,0.60551952,0.279332592,0.525086403,0.960032032,0.875609951,0.840104477
data-k-3-190.csv,0.717485485,-0.002295323,-0.400047218,0.428348348,-0.023987125,0.208824852,0.690910911,0.018538602,0.064244908
data-k-3-191.csv,0.655317317,0.274905371,0.285425248,0.718732733,0.424633157,0.52730362,0.654896897,0.273393981,0.332722298
data-k-3-192.csv,0.519733734,0.038100919,-0.24168389,0.505193193,0.033337348,0.235076563,0.506968969,0.027666696,0.029703069
data-k-3-193.csv,0.636816817,0.238331291,0.207398313,0.650638639,0.275790081,0.534942844,0.63993994,0.262603416,0.369661282
data-k-3-194.csv,0.481005005,-0.017658355,-0.326911131,0.544012012,0.047375418,0.343967393,0.528830831,0.051726591,0.149661625
data-k-3-195.csv,0.645597598,0.291059427,-0.016275516,0.669677678,0.337520555,0.514864212,0.634918919,0.268970062,0.169132571
data-k-3-196.csv,0.468648649,0.010661887,-0.324781961,0.536168168,0.006598743,0.220162744,0.492518519,-0.009755857,-0.272047749
data-k-3-197.csv,0.605803804,0.001647733,-0.32737704,0.457563564,-0.012075656,0.11098901,0.522366366,-0.04922872,0.101558527
data-k-3-198.csv,0.769229229,0.534015277,0.395048222,0.866566567,0.731808196,0.589318803,0.839753754,0.679081476,0.547072629
data-k-3-199.csv,0.510994995,0.025284387,-0.234133452,0.527647648,0.041448341,0.25053778,0.515295295,0.02555496,0.025758953
data-k-3-200.csv,0.497997998,-0.001625097,-0.450208218,0.500862863,0.001029821,0.103227681,0.50386987,0.007935459,-0.240012077
data-k-3-201.csv,0.527923924,0.117009358,-0.233372118,0.656930931,0.26979956,0.402385434,0.592792793,0.180999685,0.101384286
data-k-3-202.csv,0.621189189,0.242790654,0.087270426,0.638262262,0.278002623,0.447980709,0.631159159,0.262841296,0.106898333
data-k-3-203.csv,0.605215215,0.197546999,-0.034336168,0.60970971,0.235110711,0.476301001,0.506848849,0.036547245,0.052766942
data-k-3-204.csv,0.535975976,0.072213865,0.102191036,0.568284284,0.131546632,0.429737585,0.542510511,0.096626956,0.091724241
data-k-3-205.csv,0.802734735,0.601253647,0.515665157,0.862554555,0.720989797,0.639637802,0.836716717,0.667015158,0.617243176
data-k-3-206.csv,0.612672673,0.239946211,0.013915921,0.708464464,0.368373041,0.46421303,0.684822823,0.333746581,0.238031089
data-k-3-207.csv,0.717229229,0.422534803,0.078062902,0.652982983,0.35673659,0.520434766,0.680108108,0.392512488,0.217800553
data-k-3-208.csv,0.550592593,0.111663918,-0.263232188,0.616902903,0.200689292,0.189138257,0.559627628,0.109729523,0.028864031
data-k-3-209.csv,0.680874875,0.338590317,0.168352165,0.771353353,0.511878634,0.437532176,0.629047047,0.297526926,0.487057974
data-k-3-210.csv,0.637941942,0.210536217,-0.104154356,0.608508509,0.256591993,0.236064616,0.505257257,0.077016088,-0.036440704
data-k-3-211.csv,0.483841842,0.090718278,0.240120949,0.58439039,0.17596652,0.506789388,0.460342342,0.070583317,0.33208577
data-k-3-212.csv,0.723047047,0.39219244,0.350414896,0.793747748,0.551489137,0.563162886,0.7124004,0.408460998,0.499042894
data-k-3-213.csv,0.612116116,0.223810428,-0.124882095,0.696308308,0.377119386,0.201735824,0.634898899,0.264319966,-0.079760806
data-k-3-214.csv,0.68368969,0.112610191,0.13748517,0.591189189,0.183749858,0.413520828,0.691229229,0.138322249,0.198405594
data-k-3-215.csv,0.533141141,0.065159484,0.069861052,0.600884885,0.20258091,0.462317726,0.561503504,0.121506472,0.190379614
data-k-3-216.csv,0.514054054,-0.008710044,-0.027681137,0.497063063,-0.01651144,0.396787229,0.516378378,-0.005495071,0.23280953
data-k-3-217.csv,0.897399399,0.794317005,0.525185077,0.889821822,0.779733416,0.599452157,0.872916917,0.746026261,0.599664051
data-k-3-218.csv,0.568312312,0.137116879,-0.192806164,0.623755756,0.244963057,0.382711281,0.563239239,0.120092173,0.081130094
data-k-3-219.csv,0.571661662,0.152088441,0.289442852,0.606870871,0.16583429,0.410877233,0.554590591,0.097318147,0.108310045
data-k-3-220.csv,0.506654655,-0.006207187,0.004666399,0.567179179,0.099071588,0.395618248,0.563203203,0.088357787,0.219156256
data-k-3-221.csv,0.834744745,0.612489593,0.377126657,0.835131131,0.644529527,0.478566724,0.828832833,0.610702457,0.398662175
data-k-3-222.csv,0.771621622,0.52418143,0.167412897,0.868474474,0.726050217,0.49467077,0.804406406,0.592306401,0.308225308
data-k-3-223.csv,0.762826827,0.504544245,0.183882877,0.766212212,0.517251512,0.557658311,0.771169169,0.554238621,0.511039701
data-k-3-224.csv,0.875753754,0.75081812,0.251220628,0.773691692,0.55340942,0.543831671,0.869775776,0.7387114,0.502430864
data-k-3-225.csv,0.633767768,0.26206005,0.199066409,0.689335335,0.372696967,0.505454682,0.718796797,0.441330067,0.317939187
data-k-3-226.csv,0.467205205,-0.006028043,-0.36946612,0.515077077,0.007119241,0.162129646,0.50995996,0.004981617,-0.217931814
data-k-3-227.csv,0.497265265,0.010020591,-0.23043321,0.520132132,0.005270171,0.178086432,0.529933934,0.045505735,-0.109474205
data-k-3-228.csv,0.978876877,0.956393296,0.588822385,0.983191191,0.965265568,0.598562058,0.980980981,0.960718285,0.593632555
data-k-3-229.csv,0.568536537,0.108355164,-0.0295023,0.509913914,0.03954037,0.475858035,0.52155956,0.052744004,0.05468667
data-k-3-230.csv,0.496864865,-0.004315731,-0.177694097,0.546056056,0.154241309,0.469529726,0.553901902,0.097071335,0.016384457
data-k-3-231.csv,0.84603003,0.691630807,0.369386182,0.858246246,0.702897511,0.555370901,0.769853854,0.515617619,0.43305372
data-k-3-232.csv,0.507419419,0.081053876,-0.3281194,0.569401401,0.112374034,0.09028484,0.562686687,0.09558728,-0.12514154
data-k-3-233.csv,0.611191191,0.266329723,-0.158575708,0.765785786,0.481232307,0.354375241,0.63237037,0.236578886,0.019465333
data-k-3-234.csv,0.604686687,0.20603108,-0.100574918,0.657825826,0.318214279,0.308535675,0.608068068,0.217579814,0.04745633
data-k-3-235.csv,0.577461461,0.148304539,0.017607483,0.675965966,0.346440627,0.411537963,0.596044044,0.185393436,0.172648279
data-k-3-236.csv,0.550074074,0.085584833,-0.034574221,0.56239039,0.138226368,0.479852572,0.576808809,0.127842214,0.027076338
data-k-3-237.csv,0.672572573,0.344779461,0.347824576,0.725737738,0.45072136,0.451316151,0.688990991,0.378047939,0.520164392
data-k-3-238.csv,0.51977978,0.01824177,0.032978847,0.515771772,0.028144276,0.4879586,0.547231231,0.04701707,0.230318332
data-k-3-239.csv,0.789453453,0.578892149,0.324022788,0.812972973,0.624992732,0.550854539,0.785657658,0.570185932,0.487589479
data-k-3-241.csv,0.504572573,0.00553026,0.098343929,0.466992993,-0.003850663,0.503683103,0.473341341,-0.009237583,0.143995927
data-k-3-242.csv,0.58018018,0.126000858,-0.076331687,0.538914915,0.137726814,0.543750573,0.514978979,0.06447224,0.167111248
data-k-3-243.csv,0.763913914,0.493279613,0.430250362,0.854178178,0.691141082,0.591791806,0.803943944,0.581380411,0.501659914
data-k-3-244.csv,0.567675676,0.11487608,-0.076598943,0.606364364,0.186606237,0.239569343,0.545563564,0.078841352,-0.093223178
data-k-3-245.csv,0.708342342,0.410141629,0.369973053,0.812354354,0.623259509,0.592648584,0.757955956,0.514703451,0.502426581
data-k-3-246.csv,0.536396396,0.074066744,-0.201363558,0.600870871,0.188083565,0.142956458,0.523293293,0.049016102,-0.099722058
data-k-3-247.csv,0.410610611,0.008072066,-0.355601895,0.550680681,0.037788176,0.236246871,0.476654655,-0.013077021,-0.082577546
data-k-3-248.csv,0.723023023,0.422996948,0.340642649,0.780564565,0.547139722,0.524170116,0.743733734,0.472017321,0.428196583
data-k-3-249.csv,0.857685686,0.713417962,0.587391489,0.874546547,0.74822825,0.635151932,0.877617618,0.752362847,0.639222203
data-k-3-250.csv,0.920256256,0.74019954,0.719953245,0.907557558,0.714865879,0.695038951,0.937481481,0.782932268,0.768683633
data-k-3-251.csv,0.821361361,0.516179296,0.20615022,0.77786987,0.482765052,0.469026367,0.866758759,0.592976249,0.363145377
data-k-3-252.csv,0.520448448,0.036313274,-0.088569412,0.569793794,0.063978462,0.304484201,0.562498498,0.036826626,0.075702989
data-k-3-253.csv,0.770226226,0.515956139,0.320756214,0.796952953,0.555372601,0.55254157,0.760236236,0.524275283,0.635308671
data-k-3-254.csv,0.684910911,0.364981233,0.307204879,0.768768769,0.532045162,0.514251345,0.722278278,0.435558344,0.416005086
data-k-3-255.csv,0.673715716,0.347569135,0.248700954,0.777043043,0.543879073,0.520190423,0.855635636,0.694407405,0.56328357
data-k-3-256.csv,0.707259259,0.285060425,0.243088303,0.731035035,0.375671989,0.446662583,0.709281281,0.302667513,0.266513339
data-k-3-257.csv,0.564288288,0.127404648,-0.022727786,0.707903904,0.415540832,0.453340023,0.663159159,0.326180609,0.297596846
data-k-3-258.csv,0.474946947,0.004768022,-0.315216846,0.508442442,0.008347462,0.183491066,0.498044044,0.010689369,-0.063992783
data-k-3-259.csv,0.63233033,0.19797307,0.01664522,0.654890891,0.281277619,0.354151831,0.614092092,0.250389435,0.431045856
data-k-3-260.csv,0.689077077,0.357229694,0.29979041,0.719613614,0.432530337,0.518312281,0.726710711,0.414988276,0.380594715
data-k-3-261.csv,0.712436436,0.027704116,-0.39678995,0.442354354,0.033345715,0.162450057,0.576466466,0.059293349,-0.117517714
data-k-3-262.csv,0.863791792,0.708701177,0.573313988,0.923557558,0.837855037,0.658187642,0.874954955,0.732744271,0.592203067
data-k-3-263.csv,0.508248248,0.071277975,-0.240980356,0.623703704,0.201270608,0.471791129,0.571129129,0.114706913,-0.013333904
data-k-3-264.csv,0.626426426,0.252106508,0.072562181,0.629161161,0.246901786,0.38715508,0.668108108,0.33620634,0.39208692
data-k-3-265.csv,0.587021021,0.153526777,-0.03936949,0.639411411,0.253831051,0.349301984,0.597955956,0.17285569,0.024443882
data-k-3-266.csv,0.511527528,0.037798776,-0.2571872,0.567155155,0.142671006,0.053099263,0.467933934,-0.008624012,-0.111398673
data-k-3-267.csv,0.694078078,0.186032684,-0.261760107,0.522850851,0.12034358,0.496063378,0.50227027,0.052681502,-0.018334398
data-k-3-268.csv,0.517319319,0.030863231,-0.085454752,0.60574975,0.20513758,0.419651472,0.530274274,0.088944212,0.178035515
data-k-3-269.csv,0.725121121,0.446062076,0.128791751,0.740094094,0.441443915,0.502135577,0.705241241,0.404532452,0.364271793
data-k-3-270.csv,0.799263263,0.575662038,0.546543364,0.844590591,0.670771557,0.574378279,0.806352352,0.590617682,0.545581418
data-k-3-271.csv,0.530614615,0.058760071,-0.009278034,0.595627628,0.158836114,0.500230288,0.55754955,0.085207717,0.095847818
data-k-3-272.csv,0.886990991,0.565912789,0.670486277,0.868740741,0.557113818,0.643298168,0.910398398,0.634869496,0.715330344
data-k-3-273.csv,0.80178979,0.596575005,0.446616593,0.817333333,0.625917649,0.609525927,0.841375375,0.679192687,0.480383757
data-k-3-274.csv,0.976768769,0.913899816,0.38252685,0.813453453,0.516220241,0.505549196,0.996720721,0.987185796,0.739261438
data-k-3-275.csv,0.687773774,0.392996405,0.011921592,0.759161161,0.471997201,0.226678643,0.727683684,0.460902611,0.053896033
data-k-3-276.csv,0.710922923,0.402437793,0.169698764,0.793611612,0.571833928,0.356673201,0.694830831,0.374016622,0.022806728
data-k-3-277.csv,0.554556557,0.112062768,0.10429066,0.564252252,0.106250499,0.448468592,0.54154955,0.058650575,0.12941195
data-k-3-278.csv,0.767003003,0.482784561,0.253384823,0.824896897,0.613963526,0.461819767,0.777055055,0.505282963,0.242097662
data-k-3-279.csv,0.800792793,0.601266191,0.472693509,0.84805005,0.695558225,0.599482739,0.807993994,0.615929576,0.51396343
data-k-3-280.csv,0.600162162,0.188428303,-0.20864409,0.665175175,0.295235089,0.228328858,0.607657658,0.191178926,0.162500428
data-k-3-282.csv,0.540942943,0.086383072,-0.13624077,0.579925926,0.153748303,0.442049381,0.559477477,0.121866305,0.353702937
data-k-3-283.csv,0.871391391,0.735238576,0.30841306,0.917257257,0.827171906,0.510987757,0.888406406,0.768555219,0.416638969
data-k-3-284.csv,0.658630631,0.199628378,-0.109386577,0.525511512,0.100021124,0.48700592,0.507445445,0.067755736,0.125994275
data-k-3-285.csv,0.537041041,0.001012719,-0.452391014,0.498760761,0.0226407,0.217494945,0.502828829,0.014577875,0.036424845
data-k-3-281.csv,0.581125125,0.187305813,-0.115516552,0.668692693,0.287189556,0.190500245,0.586578579,0.183178344,0.16344786
data-k-3-286.csv,0.625031031,0.188673654,0.205258483,0.736576577,0.43995268,0.554755341,0.668274274,0.298848548,0.457045727
data-k-3-287.csv,0.808500501,0.598065348,0.499230016,0.849031031,0.685714067,0.596663808,0.816550551,0.6160321,0.522592753
data-k-3-288.csv,0.576930931,0.122002487,-0.075253616,0.46996997,-0.002759643,0.41484728,0.573377377,0.117817458,-0.116474053
data-k-3-289.csv,0.736840841,0.460856976,0.396289631,0.743295295,0.48015459,0.557246458,0.74238038,0.468528096,0.405485794
data-k-3-290.csv,0.692568569,0.360856863,0.233477279,0.730414414,0.436789238,0.503772549,0.68598999,0.364897926,0.250377199
data-k-3-291.csv,0.523487487,0.030244969,-0.028178741,0.56226026,0.057166454,0.283895454,0.502498498,0.015225442,-0.151634601
data-k-3-292.csv,0.621029029,-0.009126786,-0.359739686,0.536094094,0.086925994,0.314733081,0.667905906,0.093143121,-0.0101766
data-k-3-293.csv,0.747027027,0.489152353,0.379744578,0.786386386,0.569131879,0.549135411,0.781467467,0.557154413,0.429684228
data-k-3-295.csv,0.873727728,0.743381251,0.410502404,0.83602002,0.672833452,0.527878439,0.857183183,0.71036242,0.492082285
data-k-3-296.csv,0.512418418,0.020148057,-0.041554388,0.548830831,0.094270493,0.508108065,0.559087087,0.119805406,-0.097384372
data-k-3-297.csv,0.514364364,0.02764148,-0.153038204,0.557965966,0.109922045,0.470597858,0.512812813,0.032785181,0.15471277
data-k-3-298.csv,0.506586587,0.037338577,-0.038960943,0.50607007,0.026968319,0.5380853,0.513221221,0.016779756,0.073692369
data-k-3-299.csv,0.459547548,-0.018720765,0.020317398,0.510402402,0.020142602,0.425782664,0.366432432,-0.013815283,0.380336261
data-k-3-300.csv,0.57994995,0.172114231,0.060005033,0.591297297,0.204913756,0.511655252,0.706362362,0.386053514,0.306373752
data-k-3-301.csv,0.5437998,0.064802583,-0.03580615,0.67241041,0.297116246,0.382322537,0.588272272,0.197334605,0.249579379
data-k-3-302.csv,0.674338338,0.29223059,0.353210361,0.741323323,0.444149654,0.586523015,0.692980981,0.335609146,0.418505933
data-k-3-303.csv,0.697871872,0.200293871,-0.163967507,0.599071071,0.234191652,0.48410425,0.559481481,0.112446502,0.355996434
data-k-3-304.csv,0.71607007,0.429650933,0.120384497,0.715409409,0.415837144,0.478813485,0.794346346,0.589608472,0.4139567
data-k-3-305.csv,0.654086086,0.301818679,0.298510052,0.675491491,0.348151225,0.523222987,0.689131131,0.383228938,0.454918469
data-k-3-306.csv,0.483287287,0.021469973,-0.080990908,0.584424424,0.125100489,0.450569415,0.439715716,0.019323853,0.384027549
data-k-3-307.csv,0.589713714,0.135901958,0.14571304,0.631303303,0.226251837,0.514148408,0.603943944,0.168479278,0.235257678
data-k-3-308.csv,0.587961962,0.17126895,-0.146039735,0.63834034,0.244969251,0.365660723,0.608256256,0.221553799,0.152908824
data-k-3-309.csv,0.627091091,0.243183289,0.329719018,0.666858859,0.321262282,0.51373477,0.539663664,0.069254976,0.058853111
data-k-3-310.csv,0.529261261,0.097550268,0.025526429,0.539363363,0.139762804,0.457579605,0.629129129,0.242999995,-0.018918201
data-k-3-311.csv,0.538740741,0.075449837,-0.15678783,0.615491491,0.17314832,0.308412683,0.565033033,0.116225487,-0.0922236
data-k-3-312.csv,0.477305305,0.020739374,-0.090843497,0.547401401,0.074386791,0.519997344,0.526218218,0.075841803,0.198948357
data-k-3-313.csv,0.941615616,0.845162215,0.765171571,0.926296296,0.811004468,0.725543663,0.942132132,0.847744213,0.742201706
data-k-3-314.csv,0.524558559,0.10164681,-0.273671977,0.655103103,0.291591477,0.173182309,0.610764765,0.183911478,0.05256842
data-k-3-315.csv,0.423703704,-0.014155408,-0.371888789,0.510886887,-0.015023102,0.098408771,0.460192192,0.009967999,-0.205429158
data-k-3-316.csv,0.477555556,-0.000372992,-0.001471049,0.486054054,0.014756338,0.170994958,0.499101101,-0.002323792,0.03920129
data-k-3-317.csv,0.560172172,0.109718075,-0.13674434,0.508968969,0.107023192,0.250955432,0.648116116,0.196079375,0.108798948
data-k-3-318.csv,0.694716717,0.390630962,0.171301284,0.782808809,0.566508539,0.520697422,0.735471471,0.472163795,0.340000836
data-k-3-319.csv,0.514214214,0.03265338,-0.292533842,0.546786787,0.046630305,0.286414134,0.505757758,0.01733646,-0.138226695
data-k-3-320.csv,0.687047047,0.322820365,0.221135548,0.740866867,0.425994309,0.480707414,0.607365365,0.184480186,0.28806221
data-k-3-321.csv,0.56846046,0.019344374,-0.280569071,0.507851852,0.077267495,0.099288661,0.481833834,0.006360662,-0.089317714
data-k-3-322.csv,0.546714715,0.042599227,-0.257457508,0.523107107,0.074840315,0.209705197,0.556122122,0.043729175,0.241417783
data-k-3-323.csv,0.518804805,0.138945033,-0.070932169,0.648880881,0.238602697,0.365210561,0.550792793,0.146148381,0.105714338
data-k-3-324.csv,0.755555556,0.517532113,0.654811057,0.698558559,0.391259119,0.482897274,0.673761762,0.342096038,0.173599457
data-k-3-325.csv,0.705553554,0.244862984,0.022279155,0.702166166,0.304337452,0.46598095,0.751805806,0.325971764,0.394152756
data-k-3-326.csv,0.529817818,0.062932167,-0.125295198,0.538808809,0.031899214,0.455845687,0.539311311,0.021531875,0.122549467
data-k-3-327.csv,0.820820821,0.560668616,0.231031681,0.885645646,0.695697458,0.657138649,0.861085085,0.620870526,0.663650888
data-k-3-328.csv,0.561983984,0.1089089,-0.210106973,0.544094094,0.096838414,0.468852881,0.529565566,0.066173111,-0.136304333
data-k-3-329.csv,0.597083083,0.205444936,-0.056817216,0.674094094,0.279817619,0.465626388,0.594698699,0.171640027,0.111003794
data-k-3-330.csv,0.523905906,0.047208335,-0.063927463,0.615625626,0.230368363,0.523616221,0.595033033,0.190759883,0.036670847
data-k-3-331.csv,0.524890891,0.116229411,-0.151031829,0.628142142,0.217009936,0.430677205,0.602592593,0.187839533,0.12401804
data-k-3-332.csv,0.669617618,0.312843152,0.277230601,0.765089089,0.516159506,0.50772746,0.746454454,0.482818173,0.492836377
data-k-3-333.csv,0.539793794,0.084432156,0.026539561,0.637821822,0.198061986,0.378269717,0.565079079,0.092808945,-0.037135974
data-k-3-334.csv,0.616102102,0.227884595,0.240757553,0.671653654,0.341807744,0.533390787,0.601157157,0.196127053,0.299015347
data-k-3-335.csv,0.964700701,0.914579602,0.782362985,0.902074074,0.779325544,0.661289769,0.954004004,0.890740144,0.720707106
data-k-3-336.csv,0.597165165,0.18919984,0.164834493,0.638904905,0.266982576,0.336142225,0.555645646,0.106615271,0.184465377
data-k-3-337.csv,0.51037037,0.007687479,-0.205664334,0.554694695,0.028151501,0.3004209,0.535095095,0.023695033,-0.034542662
data-k-3-338.csv,0.588854855,0.171489408,0.079392258,0.625701702,0.243031084,0.370170627,0.539169169,0.116447525,0.391293637
data-k-3-339.csv,0.756118118,0.341127523,0.049416553,0.507463463,0.135452867,0.451385175,0.701785786,0.253239602,-0.039092271
data-k-3-340.csv,0.473445445,-0.006114716,-0.234173256,0.483875876,-0.025851096,0.080459412,0.472892893,-0.005621379,-0.128044148
data-k-3-341.csv,0.646592593,0.09723472,-0.251162449,0.509535536,0.048027889,0.118763979,0.683213213,0.091803878,-0.222613759
data-k-3-342.csv,0.645139139,0.258109397,0.218506853,0.741093093,0.470561947,0.454353254,0.663787788,0.319586805,0.351204152
data-k-3-343.csv,0.644692693,0.249311849,0.16173965,0.736966967,0.449544359,0.51207898,0.678054054,0.316577448,0.291017826
data-k-3-344.csv,0.511623624,0.068591692,-0.252782948,0.560392392,0.067759297,0.477516125,0.515623624,0.053586259,0.135954436
data-k-3-345.csv,0.516078078,0.018564224,-0.058173626,0.577647648,0.110727799,0.401358873,0.505873874,0.012403605,0.060936724
data-k-3-346.csv,0.665805806,-0.010929433,0.239190034,0.527217217,-0.066942445,0.367191171,0.663447447,-0.013873054,0.417563668
data-k-3-347.csv,0.789877878,0.569624156,0.283107323,0.848842843,0.683200664,0.466007743,0.793527528,0.57203727,0.318962995
data-k-3-348.csv,0.611309309,0.201528632,0.166814968,0.671665666,0.337020473,0.504286207,0.664554555,0.317857148,0.282206308
data-k-3-349.csv,0.512184184,0.019291738,-0.094155842,0.519079079,-0.001367542,0.426959966,0.509163163,-0.01269898,0.150339643
data-k-3-350.csv,0.46790991,0.013247491,-0.351914878,0.53003003,0.033453185,0.450062014,0.45405005,-0.016715702,0.224992703
data-k-3-351.csv,0.715275275,0.43079242,0.185353711,0.793037037,0.58611156,0.522169487,0.744890891,0.489896512,0.436110267
data-k-3-352.csv,0.556866867,0.115976459,-0.143514968,0.58203003,0.169078986,0.470477713,0.568104104,0.14030813,0.046621464
data-k-3-353.csv,0.584622623,0.115032709,0.020809424,0.66846046,0.297661694,0.392480067,0.600590591,0.182003435,0.06191986
data-k-3-354.csv,0.53370971,0.067607176,0.137883226,0.617533534,0.236367766,0.459431421,0.582902903,0.190068032,0.340028521
data-k-3-355.csv,0.66974975,0.150879743,0.140750769,0.595467467,0.146834026,0.477056522,0.5238999,0.075126711,0.127488619
data-k-3-356.csv,0.759167167,0.488504082,0.414197392,0.821093093,0.62113986,0.599256769,0.831443443,0.645582708,0.508257623
data-k-3-357.csv,0.623107107,0.250470298,-0.067750425,0.695255255,0.345510799,0.133730055,0.626882883,0.259953927,-0.057512394
data-k-3-358.csv,0.535787788,0.144045939,0.667245581,0.556128128,0.104664572,0.363167233,0.542118118,0.077938075,0.137737739
data-k-3-359.csv,0.528408408,0.042126973,-0.055426329,0.554856857,0.0957189,0.526946679,0.54551952,0.082546054,0.034161349
data-k-3-360.csv,0.513551552,0.025815044,-0.180795459,0.628528529,0.261221862,0.495211865,0.583895896,0.164966608,0.173738006
data-k-3-361.csv,0.788468468,0.548835737,0.265413791,0.811379379,0.585417688,0.467557287,0.782108108,0.530098245,0.288216306
data-k-3-362.csv,0.761817818,0.525419997,0.113204557,0.731125125,0.439623193,0.481336967,0.709127127,0.393701828,0.222113008
data-k-3-363.csv,0.442560561,0.025432596,-0.126836151,0.579911912,0.090718202,0.325788642,0.436286286,0.021342164,0.019874883
data-k-3-364.csv,0.538142142,-0.0266937,0.22655266,0.47577978,0.002935932,0.446349644,0.519483483,-0.021237579,0.119149389
data-k-3-365.csv,0.624528529,0.250011367,0.252642371,0.672016016,0.344785273,0.472283694,0.70623023,0.412781535,0.353920906
data-k-3-366.csv,0.672642643,0.190214924,0.284802829,0.604640641,0.196406189,0.489814525,0.569243243,0.119353716,0.234568395
data-k-3-367.csv,0.720892893,0.41084496,0.167898966,0.778550551,0.513849048,0.473103303,0.704362362,0.376731986,0.132821137
data-k-3-368.csv,0.583449449,0.14589756,0.06183702,0.6795996,0.335827658,0.502063815,0.612758759,0.260917869,0.287571718
data-k-3-369.csv,0.619143143,0.261279014,0.098592241,0.591287287,0.206772245,0.402716642,0.599807808,0.196558382,0.255790764
data-k-3-370.csv,0.505101101,0.011248726,-0.123760432,0.544942943,0.062897604,0.199063675,0.572324324,0.166981277,0.428876092
data-k-3-371.csv,0.959019019,0.9135691,0.625458252,0.971267267,0.939855626,0.646115617,0.965993994,0.928531755,0.631075301
data-k-3-372.csv,0.472616617,0.001301851,-0.123436487,0.540878879,0.019819957,0.471768752,0.494534535,0.005718328,-0.084618864
data-k-3-373.csv,0.572388388,0.12707884,-0.054010716,0.643185185,0.262618603,0.270231302,0.561353353,0.09851837,-0.071067653
data-k-3-374.csv,0.515075075,0.013209268,-0.118026136,0.491303303,-0.019100841,0.425933855,0.446958959,-0.016327048,0.073989058
data-k-3-375.csv,0.768188188,0.358409425,0.475962527,0.740144144,0.372265555,0.542005883,0.776308308,0.345892153,0.551558339
data-k-3-376.csv,0.515365365,0.006481208,0.177444467,0.502590591,0.009097978,0.475235913,0.517551552,0.006765068,0.321423345
data-k-3-377.csv,0.708588589,-0.015296071,-0.325167302,0.465009009,0.058138152,0.387720173,0.473033033,0.012564217,-0.102674748
data-k-3-378.csv,0.64649049,0.287559483,0.104724355,0.677167167,0.319037818,0.509783509,0.634950951,0.257590588,0.232031374
data-k-3-379.csv,0.598274274,0.205241415,-0.08975545,0.62842042,0.238311786,0.506789163,0.593343343,0.210879907,0.361086872
data-k-3-380.csv,0.485993994,-0.041033137,-0.251657196,0.49825025,0.0100638,0.383842028,0.49019019,-0.016910378,-0.000540574
data-k-3-381.csv,0.451183183,-0.0200075,-0.109086505,0.472660661,0.039895801,0.429248383,0.526630631,0.06725844,0.058356717
data-k-3-382.csv,0.505227227,-0.015561491,-0.268486188,0.503963964,0.029622887,0.474734164,0.512016016,0.021079037,0.040972201
data-k-3-383.csv,0.664742743,0.272436351,0.198491714,0.707655656,0.372636432,0.512959267,0.669193193,0.285188226,0.276410274
data-k-3-384.csv,0.545953954,0.138538944,-0.170190571,0.726790791,0.396155381,0.440220369,0.687025025,0.320899154,0.285291749
data-k-3-385.csv,0.473413413,0.047967567,-0.298013177,0.61382983,0.186487257,0.052838161,0.609357357,0.142782831,0.076966626
data-k-3-386.csv,0.734284284,0.395966808,0.103237836,0.690704705,0.367632418,0.452233563,0.703667668,0.343589115,0.142077202
data-k-3-387.csv,0.654626627,-0.018530293,-0.346225242,0.558986987,0.110606081,0.131804662,0.709547548,0.16728285,0.039311174
data-k-3-388.csv,0.736520521,0.482111681,0.478223319,0.721885886,0.449784615,0.676797624,0.713105105,0.435355708,0.577911033
data-k-3-389.csv,0.940088088,0.873132621,0.699665916,0.957591592,0.91042741,0.723803365,0.954682683,0.904359714,0.723586429
data-k-3-390.csv,0.696930931,0.336782618,0.217884872,0.754286286,0.464020796,0.520060625,0.708308308,0.353206838,0.301753262
data-k-3-391.csv,0.652196196,0.304559954,0.388325037,0.737169169,0.474234914,0.575482748,0.688568569,0.376699657,0.481847179
data-k-3-392.csv,0.481627628,0.04543879,-0.288418322,0.604476476,0.118681677,0.304897652,0.480284284,0.050379569,0.138043831
data-k-3-393.csv,0.601597598,0.196721696,-0.025964189,0.680146146,0.300866713,0.463492041,0.619415415,0.202814867,0.09907273
data-k-3-394.csv,0.959703704,0.919330909,0.631755773,0.916314314,0.831090667,0.598114343,0.927511512,0.854093452,0.597946355
data-k-3-395.csv,0.718536537,0.437217839,0.094185022,0.74006006,0.480691155,0.346865941,0.572728729,0.142686406,0.375773576
data-k-3-396.csv,0.524942943,0.02259732,-0.278082793,0.465521522,0.009040377,0.506385897,0.493133133,0.00407077,0.001718406
data-k-3-397.csv,0.601535536,0.200328459,-0.058467024,0.622322322,0.25572958,0.490704673,0.628242242,0.262319863,0.226154016
data-k-3-398.csv,0.540956957,0.032712318,-0.090227949,0.596622623,0.122452936,0.35875216,0.536024024,0.0419763,-0.057159086
data-k-3-399.csv,0.732760761,0.41063378,0.284994495,0.80164965,0.566825953,0.443166532,0.727079079,0.400689249,0.281062631
data-k-3-400.csv,0.419099099,-0.006021287,-0.235189334,0.512828829,0.003861795,0.156845491,0.428516517,-0.00234487,-0.155875688
data-k-3-401.csv,0.466972973,0.016369645,0.03702248,0.470994995,0.012437129,0.304978649,0.640716717,-0.019255503,0.092122445
data-k-3-402.csv,0.492742743,-0.008621676,-0.122236675,0.502964965,0.004128138,0.442613909,0.499245245,-0.001382168,0.045407222
data-k-3-403.csv,0.620792793,0.235112874,-0.052460912,0.717961962,0.391237285,0.49820031,0.613047047,0.227313508,-0.022133562
data-k-3-404.csv,0.572422422,0.113661272,-0.116919738,0.503179179,0.113527367,0.444017856,0.50844044,0.085095619,0.118687192
data-k-3-405.csv,0.455191191,0.002001968,-0.332341938,0.585511512,0.095380373,0.183075905,0.376358358,0.002032942,-0.177224163
data-k-3-406.csv,0.636346346,0.185989912,0.109742106,0.672800801,0.275629028,0.472572942,0.638974975,0.202986632,0.244409893
data-k-3-407.csv,0.475645646,0.057972603,-0.331177607,0.611513514,0.160431117,0.160668007,0.621013013,0.183027001,0.092688455
data-k-3-408.csv,0.619307307,-0.017996145,-0.391682947,0.432962963,-0.003720624,0.055903425,0.473947948,-0.064155555,-0.031855824
data-k-3-409.csv,0.574536537,0.184630054,-0.15928062,0.680442442,0.308093359,0.474284243,0.641179179,0.223611208,0.245311504
data-k-3-410.csv,0.776524525,0.43394895,0.455780461,0.702918919,0.408193106,0.505791469,0.790006006,0.479200489,0.252210759
data-k-3-411.csv,0.509257257,0.019293852,-0.141520369,0.505877878,-0.002793976,0.264915862,0.502646647,0.018827344,-0.140786884
data-k-3-412.csv,0.883821822,0.75728304,0.604318305,0.911229229,0.815226512,0.686493375,0.904942943,0.804718674,0.672493992
data-k-3-413.csv,0.530402402,0.057628189,-0.220136978,0.601503504,0.172809785,0.385695115,0.510068068,0.030780802,0.306201552
data-k-3-414.csv,0.780528529,0.546840312,0.528582528,0.819527528,0.626887112,0.589574787,0.767027027,0.515001049,0.479865912
data-k-3-415.csv,0.559847848,-0.006772254,-0.296566996,0.462550551,0.005457283,0.523003636,0.524188188,-0.006068307,-0.017677672
data-k-3-416.csv,0.521697698,0.107896378,0.039858689,0.623335335,0.24360262,0.532532307,0.704726727,0.321495179,0.35895186
data-k-3-417.csv,0.492314314,0.091812928,0.076267975,0.617085085,0.243562077,0.49843958,0.517365365,0.098435663,0.296648248
data-k-3-418.csv,0.490736737,0.000803992,-0.043413684,0.500956957,0.022286708,0.439088953,0.497021021,0.006811641,0.138358491
data-k-3-419.csv,0.709479479,0.423400172,-0.080441932,0.688594595,0.362473094,0.242122076,0.701641642,0.40688944,0.011478788
data-k-3-420.csv,0.489431431,0.033162477,-0.345600655,0.531921922,0.042793557,0.06245497,0.507683684,0.003806689,0.024352038
data-k-3-421.csv,0.50608008,0.028415888,-0.154041687,0.54609009,0.053751888,0.38367273,0.513981982,0.037629805,0.079420087
data-k-3-422.csv,0.751373373,0.486311226,0.184192405,0.745191191,0.483159267,0.470911644,0.737335335,0.458986804,0.484710638
data-k-3-423.csv,0.672748749,0.342174107,0.032180327,0.679235235,0.374829976,0.408999582,0.693945946,0.394275403,0.1931215
data-k-3-424.csv,0.749211211,0.240862048,-0.01577032,0.580742743,0.155758289,0.418247366,0.813159159,0.265344113,0.524885519
data-k-3-425.csv,0.507301301,0.015778835,-0.194076655,0.552832833,0.084304848,0.407753681,0.511299299,0.014079126,0.017592918
data-k-3-426.csv,0.504444444,0.022986741,0.225725522,0.506500501,0.031437675,0.322855962,0.482214214,-0.045519405,0.154963739
data-k-3-427.csv,0.864930931,0.710017347,0.548104163,0.818558559,0.627776629,0.533441688,0.901581582,0.783468533,0.626465808
data-k-3-428.csv,0.521329329,0.042036832,-0.304070715,0.528186186,0.040889162,0.439152828,0.538112112,0.041881233,0.024365019
data-k-3-429.csv,0.51437037,0.106843082,0.038588345,0.528386386,0.147548034,0.5055062,0.819445445,0.450283761,0.342986046
data-k-3-430.csv,0.715113113,-0.037494528,-0.142706809,0.492232232,0.01969079,0.288878588,0.706388388,-0.009606065,0.13566802
data-k-3-431.csv,0.466454454,0.010718723,-0.359825855,0.562014014,0.069165345,0.167275916,0.511755756,0.02155097,-0.039867774
data-k-3-432.csv,0.60170971,0.011200863,-0.03553896,0.526658659,0.059926558,0.35312471,0.60384985,-0.010649922,0.223438595
data-k-3-433.csv,0.70012012,-0.001203291,-0.39742631,0.424558559,0.031275628,0.392148159,0.756152152,0.126434907,-0.106088773
data-k-3-434.csv,0.593149149,0.255369576,0.265941856,0.631903904,0.260385439,0.484256594,0.611259259,0.284028776,0.359224562
data-k-3-435.csv,0.539555556,0.083080196,-0.043500193,0.561825826,0.113596687,0.503155143,0.557525526,0.123106507,0.276641319
data-k-3-436.csv,0.571855856,0.148008212,-0.160269595,0.602686687,0.195653545,0.442828565,0.604366366,0.208873669,0.049392386
data-k-3-437.csv,0.565235235,0.121814218,0.230553742,0.661233233,0.286461253,0.549523692,0.603285285,0.183654861,0.313456135
data-k-3-438.csv,0.680744745,0.350299064,0.250679309,0.70004004,0.396588923,0.549503477,0.673633634,0.334801725,0.450423475
data-k-3-440.csv,0.442188188,0.010138056,-0.354992481,0.536528529,0.03162427,0.058193259,0.456548549,0.020486132,-0.252510921
data-k-3-441.csv,0.583795796,0.073592026,-0.18878968,0.510732733,0.103143585,0.341282378,0.582294294,0.107484745,0.157724866
data-k-3-442.csv,0.75173974,0.497883977,0.307566731,0.810222222,0.613188962,0.525700872,0.744136136,0.475017915,0.322578373
data-k-3-443.csv,0.606334334,0.246209767,-0.082304605,0.649251251,0.275957992,0.50253073,0.604714715,0.288627101,0.436967938
data-k-3-444.csv,0.530926927,0.046712602,-0.089457233,0.575641642,0.133886914,0.4680447,0.502970971,0.088813714,-0.005713935
data-k-3-445.csv,0.519183183,0.046398354,-0.19557296,0.598122122,0.104923445,0.345600403,0.543447447,0.04740325,-0.030983621
data-k-3-446.csv,0.485775776,0.009222227,-0.386301752,0.52753954,0.037961115,0.365566749,0.501003003,0.002250307,0.069351497
data-k-3-439.csv,0.633101101,0.266715173,-0.094632007,0.646796797,0.296637023,0.484186721,0.607571572,0.216536322,0.125252108
data-k-3-447.csv,0.850894895,0.668681869,0.31087478,0.64642042,0.343441672,0.388498249,0.890906907,0.746876678,0.181895402
data-k-3-448.csv,0.824596597,0.646831794,0.363302718,0.803343343,0.57755031,0.570259367,0.81581982,0.625219619,0.406663664
data-k-3-449.csv,0.656024024,0.266723969,0.189921981,0.751039039,0.445045105,0.42926398,0.688398398,0.304286849,0.23522347
data-k-3-450.csv,0.864122122,0.70051753,0.286806255,0.875297297,0.737058978,0.402363031,0.857765766,0.688422433,0.310402503
data-k-3-451.csv,0.375771772,-0.006647014,0.006782198,0.49019019,-0.000886588,0.382253835,0.367059059,-0.005866822,0.294096491
data-k-3-452.csv,0.464618619,-0.006512051,-0.334974239,0.515345345,-0.002747461,0.350445024,0.490802803,0.003047455,-0.049973518
data-k-3-453.csv,0.505277277,0.016355127,-0.060969167,0.505797798,0.057405697,0.429921178,0.552766767,0.08624851,0.191717179
data-k-3-454.csv,0.806414414,0.612869009,0.367746847,0.816446446,0.632481805,0.612414148,0.789101101,0.578016372,0.44479305
data-k-3-455.csv,0.579331331,-0.015206484,-0.445953392,0.502624625,0.052872844,0.294575657,0.485493493,0.030332605,-0.003160707
data-k-3-456.csv,0.511201201,0.026177408,-0.077465616,0.525239239,0.07437488,0.508814237,0.540686687,0.08760474,0.219283962
data-k-3-457.csv,0.648710711,0.294476859,0.294896383,0.714610611,0.425879711,0.536830703,0.641087087,0.279137159,0.283768447
data-k-3-458.csv,0.531561562,-0.008538897,-0.345965226,0.525413413,0.048056046,-0.081107738,0.533419419,0.066229565,-0.22779146
data-k-3-459.csv,0.722422422,0.437217535,0.191635295,0.776408408,0.52638,0.424978986,0.726742743,0.430910518,0.356358696
data-k-3-460.csv,0.435049049,-0.006354049,-0.275279539,0.527843844,0.047688255,0.048631017,0.44234034,0.006660492,-0.231300676
data-k-3-461.csv,0.494358358,0.039933656,0.111392273,0.629369369,0.202002071,0.350384592,0.489541542,0.024393033,0.033243425
data-k-3-462.csv,0.735823824,0.47259638,0.205966137,0.784674675,0.534177673,0.493361857,0.750790791,0.472833646,0.422063229
data-k-3-463.csv,0.687665666,0.369136423,0.087992566,0.719299299,0.449540892,0.441834818,0.717561562,0.429998848,0.343467472
data-k-3-464.csv,0.551211211,0.128883044,0.428004624,0.591843844,0.203455288,0.526441674,0.549605606,0.124510488,0.445299756
data-k-3-465.csv,0.43151952,-0.00397797,0.097443843,0.474922923,-0.005095285,0.34507301,0.43236036,-0.004882581,0.122458273
data-k-3-466.csv,0.63785986,0.255595007,0.113771596,0.644794795,0.301831941,0.431401098,0.568952953,0.149554974,0.061319583
data-k-3-467.csv,0.749155155,0.500305396,0.167360862,0.740534535,0.484586577,0.248583652,0.71027027,0.424691409,0.20671066
data-k-3-468.csv,0.713333333,-0.034177102,0.046186844,0.452752753,-0.034672309,0.245105979,0.580028028,-0.083531881,0.12605773
data-k-3-469.csv,0.649331331,0.298098195,-0.074014907,0.644584585,0.301931115,0.474274675,0.655259259,0.314229601,0.200293827
data-k-3-470.csv,0.58997998,0.127494411,0.114773744,0.623499499,0.188417663,0.466576817,0.57977978,0.141073587,0.046284639
data-k-3-471.csv,0.423761762,-0.030207363,-0.355960654,0.529601602,0.022693248,0.020382491,0.61829029,0.205484279,0.304160644
data-k-3-472.csv,0.52223023,0.051277459,-0.041471994,0.542146146,0.071694209,0.445433939,0.489625626,0.008781892,-0.050969808
data-k-3-473.csv,0.531427427,0.057425918,-0.240540365,0.553167167,0.108369264,0.15798738,0.564520521,0.111906435,0.102385478
data-k-3-474.csv,0.39017017,0.002455488,-0.29191019,0.547655656,0.026888985,0.054535131,0.498904905,0.010961259,-0.227344814
data-k-3-475.csv,0.547867868,0.118126464,-0.223323247,0.553481481,0.097390361,0.066928836,0.490212212,0.044620472,-0.086007444
data-k-3-476.csv,0.572288288,0.002465358,-0.168277838,0.55372973,0.07712384,0.030907238,0.599239239,0.073431393,-0.177265902
data-k-3-477.csv,0.393367367,0.000962925,-0.194819695,0.528046046,0.035329592,0.191535211,0.410532533,0.003705623,-0.112228836
data-k-3-478.csv,0.355735736,0.000773317,-0.386672259,0.581933934,0.071495599,0.44215706,0.520650651,0.040232335,0.074475844
data-k-3-479.csv,0.521435435,0.027387002,-0.008490773,0.523069069,0.049270822,0.393854671,0.52555956,0.049108097,0.03545181
data-k-3-480.csv,0.464822823,-0.032899983,0.13804792,0.592688689,0.117894072,0.506107408,0.542316316,0.04783247,0.077922986
data-k-3-481.csv,0.671527528,-0.005409477,-0.478483906,0.50183984,0.045311874,-0.011108806,0.511123123,-0.014870411,0.078718951
data-k-3-482.csv,0.40956957,-0.001514595,-0.267480792,0.50955956,-0.007137205,0.036878564,0.500932933,-0.001320939,-0.232357895
data-k-3-483.csv,0.614674675,0.174761121,0.190908114,0.689793794,0.341882993,0.503066816,0.645957958,0.245575896,0.321360484
data-k-3-484.csv,0.466568569,-0.008124532,-0.22705219,0.55992993,0.083753688,0.345381118,0.49824024,-0.01778252,-0.112264539
data-k-3-485.csv,0.481461461,-0.043474496,-0.40165914,0.4961001,-0.00546488,0.151823679,0.502890891,0.008855695,0.111530835
data-k-3-486.csv,0.743095095,0.299273487,0.25594766,0.680848849,0.309641802,0.473951043,0.804620621,0.403352984,0.652729508
data-k-3-487.csv,0.496860861,0.015414905,0.021195772,0.49593994,0.025234928,0.273606422,0.514374374,0.047962442,0.061026783
data-k-3-488.csv,0.540878879,0.13435039,0.003393554,0.592058058,0.137834927,0.518865183,0.547843844,0.175408552,0.575372862
data-k-3-489.csv,0.819603604,0.602528567,0.544729745,0.828552553,0.626104532,0.620375422,0.849009009,0.649696174,0.652816817
data-k-3-490.csv,0.582406406,0.093915544,-0.226023334,0.528912913,0.100260844,0.443341344,0.508442442,0.052996354,0.127645897
data-k-3-491.csv,0.610428428,0.227828959,-0.056941035,0.635867868,0.24721919,0.259357716,0.647101101,0.277379427,0.124690084
data-k-3-492.csv,0.502736737,-0.015313873,-0.240354019,0.475295295,-0.042013286,0.367756702,0.497041041,-0.033047131,0.118368299
data-k-3-493.csv,0.580920921,0.143619219,-0.032694546,0.528244244,0.114224884,0.52320471,0.51827027,0.082064871,0.005182038
data-k-3-494.csv,0.613435435,0.212521449,-0.207995379,0.680882883,0.324842883,0.156885996,0.597875876,0.17074987,0.01150933
data-k-3-495.csv,0.663617618,0.315057788,0.227498183,0.75961962,0.516874579,0.588444186,0.717593594,0.429113568,0.455768354
data-k-3-496.csv,0.625051051,0.25476397,0.189085075,0.668692693,0.344931969,0.499448916,0.638194194,0.283534962,0.22560523
data-k-3-497.csv,0.848748749,0.279923972,0.187650924,0.644930931,0.155684284,0.370002952,0.821467467,0.258755602,0.108153148
data-k-3-498.csv,0.469933934,-0.009350989,-0.380858673,0.539753754,0.059766206,0.372744398,0.507011011,-0.001280715,-0.084710853
data-k-3-499.csv,0.765937938,0.436256633,-0.053071156,0.583195195,0.235119106,0.438553703,0.736348348,0.335427644,0.280844634
